{
  "accuracy": 0.05,
  "macro_f1": 0.02564102564102564,
  "weighted_f1": 0.03333333333333333,
  "dataset": "clue-tnews",
  "train_size": 80,
  "eval_size": 40,
  "num_labels": 14
}